-- phpMyAdmin SQL Dump
-- version 5.2.1
-- https://www.phpmyadmin.net/
--
-- Servidor: 127.0.0.1
-- Tiempo de generación: 01-04-2024 a las 03:07:48
-- Versión del servidor: 10.4.32-MariaDB
-- Versión de PHP: 8.2.12

SET SQL_MODE = "NO_AUTO_VALUE_ON_ZERO";
START TRANSACTION;
SET time_zone = "+00:00";


/*!40101 SET @OLD_CHARACTER_SET_CLIENT=@@CHARACTER_SET_CLIENT */;
/*!40101 SET @OLD_CHARACTER_SET_RESULTS=@@CHARACTER_SET_RESULTS */;
/*!40101 SET @OLD_COLLATION_CONNECTION=@@COLLATION_CONNECTION */;
/*!40101 SET NAMES utf8mb4 */;

--
-- Base de datos: `casa_granos`
--

-- --------------------------------------------------------

--
-- Estructura de tabla para la tabla `categoria`
--

CREATE TABLE `categoria` (
  `idCategoria` int(11) NOT NULL,
  `nombreC` varchar(100) NOT NULL
) ENGINE=InnoDB DEFAULT CHARSET=utf8mb4 COLLATE=utf8mb4_general_ci;

--
-- Volcado de datos para la tabla `categoria`
--

INSERT INTO `categoria` (`idCategoria`, `nombreC`) VALUES
(1, 'Alimentos'),
(2, 'Granos'),
(3, 'Lacteos'),
(4, 'Confiteria'),
(5, 'Plasticos nuevo'),
(6, 'Panaderia y dulces'),
(7, 'Reposteria'),
(8, 'Viveres'),
(9, 'Varios'),
(10, 'Condimentos');

-- --------------------------------------------------------

--
-- Estructura de tabla para la tabla `dolar`
--

CREATE TABLE `dolar` (
  `id` int(11) NOT NULL,
  `precio` decimal(10,2) NOT NULL,
  `fecha_actualizacion` timestamp NOT NULL DEFAULT current_timestamp() ON UPDATE current_timestamp()
) ENGINE=InnoDB DEFAULT CHARSET=utf8mb4 COLLATE=utf8mb4_general_ci;

--
-- Volcado de datos para la tabla `dolar`
--

INSERT INTO `dolar` (`id`, `precio`, `fecha_actualizacion`) VALUES
(14, 35.16, '2024-03-25 22:07:46'),
(15, 36.36, '2024-03-26 00:07:00'),
(16, 36.30, '2024-03-26 19:50:19'),
(17, 38.00, '2024-03-29 02:44:56');

-- --------------------------------------------------------

--
-- Estructura de tabla para la tabla `producto`
--

CREATE TABLE `producto` (
  `idProducto` int(50) NOT NULL,
  `nombre` varchar(100) NOT NULL,
  `pvp` decimal(10,2) NOT NULL,
  `costo` decimal(10,2) NOT NULL,
  `idProveedor` int(50) NOT NULL,
  `idCategoria` int(11) NOT NULL
) ENGINE=InnoDB DEFAULT CHARSET=utf8mb4 COLLATE=utf8mb4_general_ci;

--
-- Volcado de datos para la tabla `producto`
--

INSERT INTO `producto` (`idProducto`, `nombre`, `pvp`, `costo`, `idProveedor`, `idCategoria`) VALUES
(1, 'ALPISTES', 3.57, 2.50, 22, 1),
(2, 'GATARINA GATSY 17kg', 5.43, 3.80, 12, 1),
(3, 'GIRASOL', 5.71, 4.00, 22, 1),
(4, 'NEPE 20kg', 0.50, 0.35, 41, 1),
(5, 'NUTRION GATARINA DE PESCADO', 3.43, 2.40, 12, 1),
(6, 'MILLO ROJO Y AMARILLO', 4.71, 3.30, 22, 1),
(7, 'MEZCLA RUMIANTE MANTENIMIENTO', 0.54, 0.38, 12, 1),
(8, 'RINGO CACHORRO PQTE 1 KG', 4.29, 3.00, 12, 1),
(9, 'PICO', 0.83, 0.58, 29, 1),
(10, 'RINGO ADULTO PQTE 1KG', 3.57, 2.50, 12, 1),
(11, 'KANTAL 400 gr', 3.57, 2.50, 2, 1),
(12, 'SAL ROJA', 0.24, 0.17, 17, 1),
(13, 'VACA LECHERA', 0.89, 0.62, 12, 1),
(14, 'VITAMINADO', 0.91, 0.64, 29, 1),
(15, 'PERRARINA DOGURMET CACHORRO', 4.14, 2.90, 38, 1),
(16, 'PERRARINA SUPER CAN', 2.70, 1.89, 38, 1),
(17, 'PERRARINA CHAMPS', 1.71, 1.20, 12, 1),
(18, 'POLLO INICIADOR Y CERDO ESPECIAL', 0.93, 0.65, 17, 1),
(19, 'CONVACA P1 POLLO INICIO', 1.24, 0.87, 17, 1),
(20, 'MULTIPONEDORA PROCRIA', 0.76, 0.53, 12, 1),
(21, 'VITALIM', 0.71, 0.50, 17, 1),
(22, 'AJONJOLIO DESCORTEZADO', 7.14, 5.00, 42, 2),
(23, 'AJONJOLI NATURAL ', 4.29, 3.00, 51, 2),
(24, 'ARROZ PARTIDO DE SEGUNDA', 0.83, 0.58, 30, 2),
(25, 'ARVEJAS AMARILLAS ENTERAS', 2.14, 1.50, 22, 2),
(26, 'ARVEJAS AMARILLAS PARTIDAS', 1.86, 1.30, 25, 2),
(27, 'ARVEJAS VERDES ENTERAS', 2.14, 1.50, 30, 2),
(28, 'ARVEJAS VERDES PARTIDAS ', 2.43, 1.70, 13, 2),
(29, 'ARROZ ENTERO', 1.31, 0.92, 22, 2),
(30, 'AVENA EN HOJUELA', 2.14, 1.50, 13, 2),
(31, 'CARAOTAS BLANCA', 3.71, 2.60, 13, 2),
(32, 'CARAOTAS NEGRAS ', 2.40, 1.68, 22, 2),
(33, 'CARAOTAS ROJAS PEQUEÑAS', 3.43, 2.40, 22, 2),
(34, 'CARAOTAS ROSADAS', 3.71, 2.60, 13, 2),
(35, 'CARAOTAS ROJAS PEQUEÑAS ', 2.14, 1.50, 44, 2),
(36, 'CEBADA', 5.00, 3.50, 22, 2),
(37, 'FRIJO BAYO ', 1.60, 1.12, 42, 2),
(38, 'FRIJOL BLANCO', 1.71, 1.20, 13, 2),
(39, 'FRIJOL CHINO', 1.06, 0.74, 13, 2),
(40, 'FRIJOL NEGRO', 0.00, 0.00, 13, 2),
(41, 'FRIJOL PICO NEGRO', 1.43, 1.00, 13, 2),
(42, 'GARBANZOS', 4.00, 2.80, 22, 2),
(43, 'LENTEJAS ', 2.94, 2.06, 22, 2),
(44, 'LINAZA', 5.00, 3.50, 22, 2),
(45, 'MAIZ AMARILLO EN CONCHA ', 0.71, 0.50, 24, 2),
(46, 'MAIZ AMARILLO PILDAO', 0.64, 0.45, 24, 2),
(47, 'MAIZ BLANCO EN CONCHA', 0.71, 0.50, 24, 2),
(48, 'MAIZ BLANCO PILADO', 0.96, 0.67, 25, 2),
(49, 'MAIZ DE COTUFA', 2.57, 1.80, 13, 2),
(50, 'MOSTAZA AMARIALLA GRANO', 20.00, 14.00, 51, 2),
(51, 'QUINCHONCHOS', 3.07, 2.15, 13, 2),
(52, 'SOYA', 2.86, 2.00, 42, 2),
(53, 'TRIGO', 2.14, 1.50, 42, 2),
(54, 'QUESO DE RES HATO A.', 7.14, 5.00, 54, 3),
(55, 'QUESO DE CABRA', 6.43, 4.50, 54, 3),
(56, 'RICOTA', 4.29, 3.00, 54, 3),
(57, 'CARAMELO DE LECHE RICATO', 0.00, 0.00, 18, 4),
(58, 'CARAMELOS CATAWBA ', 0.03, 0.02, 18, 4),
(59, 'CARAMELO DE GENGIBRE', 0.07, 0.05, 33, 4),
(60, 'CARAMELO LOQUIÑO BARRA ', 0.00, 0.00, 18, 4),
(61, 'CHUPETAS BON BON BUN', 0.00, 0.00, 18, 4),
(62, 'CARAMELO LOQUIÑO PQÑO', 0.00, 0.00, 18, 4),
(63, 'FRUTIMELOWS ', 0.00, 0.00, 56, 4),
(64, 'FRUTIMELOWS MINI', 0.00, 0.00, 56, 4),
(65, 'FRUNAS', 0.00, 0.00, 18, 4),
(66, 'CARAMELO MINI BOM BOM BUM', 0.00, 0.00, 18, 4),
(67, 'TRULULU', 0.00, 0.00, 18, 4),
(68, 'BOMBONES', 0.00, 0.00, 23, 4),
(69, 'BOLSAS 1/4Kg', 0.66, 0.46, 16, 5),
(70, 'BOLSAS  1/2Kg', 1.00, 0.70, 16, 5),
(71, 'BOLSAS 01Kg', 1.14, 0.80, 16, 5),
(72, 'BOLSAS 02Kg S/S', 2.07, 1.45, 43, 5),
(73, 'BOLSAS 02Kg ', 0.86, 0.60, 16, 5),
(74, 'BOLSAS 03Kg', 1.43, 1.00, 16, 5),
(75, 'BOLSAS 05Kg', 1.86, 1.30, 16, 5),
(76, 'BOLSAS 10Kg', 2.14, 1.50, 37, 5),
(77, 'BOLSAS 15Kg', 3.00, 2.10, 46, 5),
(78, 'BOLSAS 20Kg', 4.43, 3.10, 16, 5),
(79, 'BOLSAS 25Kg', 4.50, 3.15, 16, 5),
(80, 'BOLSAS 30Kg', 4.29, 3.00, 16, 5),
(81, 'BOLSAS DE PAPEL 1/4Kg', 1.61, 1.13, 46, 5),
(82, 'BOLSAS DE HIELO (15X50)', 2.64, 1.85, 46, 5),
(83, 'BOLSAS DE PAN DE JAMON SENCILLA', 9.60, 6.72, 46, 5),
(84, 'BOLSAS 200L (BASURA)', 0.27, 0.19, 16, 5),
(85, 'BOLSAS DE PAPEL 1Kg', 3.64, 2.55, 46, 5),
(86, 'BOLSAS DE PAPEL 2Kg', 6.86, 4.80, 46, 5),
(87, 'BOLSAS DE PAPEL 3Kg', 7.14, 5.00, 46, 5),
(88, 'BOLSAS DE SUERO (18X37)', 4.50, 3.15, 37, 5),
(89, 'BOLSAS DE PAPEL 1/2Kg ', 2.67, 1.87, 46, 5),
(90, 'PAPEL PAN DE JAMON DECORADA ', 13.07, 9.15, 46, 5),
(91, 'ESCARCHEROS', 0.20, 0.14, 20, 5),
(92, 'ENVACES 120CC', 0.36, 0.25, 20, 5),
(93, 'ENVACES 60CC ', 0.31, 0.22, 20, 5),
(94, 'BURBUJERO 60ML', 0.20, 0.14, 57, 5),
(95, 'ENVASES 500ML', 0.26, 0.18, 57, 5),
(96, 'ENVASES 1LT', 0.34, 0.24, 57, 5),
(97, 'TINA N°24 800g', 0.31, 0.22, 16, 5),
(98, 'VASO N° 77', 1.71, 1.20, 16, 5),
(99, 'VASO Nº 67 ', 1.53, 1.07, 46, 5),
(100, 'Vaso N°57', 1.83, 1.28, 16, 5),
(101, 'VASOS CON TAPA', 3.57, 2.50, 16, 5),
(102, 'TAPAS', 0.71, 0.50, 37, 5),
(103, 'BANDEJA J-1 ', 0.11, 0.08, 46, 5),
(104, 'BANDEJA BT-1 ', 0.04, 0.03, 46, 5),
(105, 'BANDEJA A-1 ', 0.06, 0.04, 16, 5),
(106, 'BANDEJA A-2', 0.06, 0.04, 42, 5),
(107, 'BANDEJA CT-1 O E-1 ', 0.09, 0.06, 16, 5),
(108, 'BANDEJA BT-12 ', 0.17, 0.12, 46, 5),
(109, 'BANDEJA T.  BAJA', 0.11, 0.08, 16, 5),
(110, 'BANDEJA T. ALTA', 0.11, 0.08, 16, 5),
(111, 'BANDEJA CT-2', 0.13, 0.09, 16, 5),
(112, 'BANDEJA CT-2 ', 0.13, 0.09, 16, 5),
(113, 'CIERRE PLUS 8 ONZAS', 0.16, 0.11, 46, 5),
(114, 'CIERRE PLUS 12 Y 16 ONZAS', 0.17, 0.12, 46, 5),
(115, 'DISCO ANIME Nº 30', 0.34, 0.24, 16, 5),
(116, 'DISCO ANIME Nº 26  ', 0.26, 0.18, 16, 5),
(117, 'BANDEJA ALUMINIO 747', 0.23, 0.16, 16, 5),
(118, 'BANDEJA ALUMINIO 420', 0.20, 0.14, 16, 5),
(119, 'DISCO DORADO N°10 ', 0.69, 0.48, 46, 5),
(120, 'DISCO DORADO N° 12', 0.73, 0.51, 46, 5),
(121, 'DISCO DORADO N°14 ', 0.71, 0.50, 46, 5),
(122, 'DISCO DORADO N°16', 0.90, 0.63, 46, 5),
(123, 'PLATO #6 ', 0.03, 0.02, 46, 5),
(124, 'PLATO # 8 ', 0.04, 0.03, 46, 5),
(125, 'CUCHARAS ', 0.03, 0.02, 46, 5),
(126, 'CUCHILLOS', 0.03, 0.02, 16, 5),
(127, 'TENEDOR ', 0.03, 0.02, 46, 5),
(128, 'CUCHARA POSTRE ', 0.01, 0.01, 46, 5),
(129, 'KUCKEY ', 0.17, 0.12, 16, 5),
(130, 'BOLSAS CELOFAN  7*11 ', 0.76, 0.53, 46, 5),
(131, 'BOLSAS CELOFAN 7*19', 1.26, 0.88, 46, 5),
(132, 'BOLSAS CELOFAN 10*22 ', 2.09, 1.46, 46, 5),
(133, 'BOLSAS CELOFAN 10*24', 2.27, 1.59, 46, 5),
(134, 'BOLSAS CELOFAN 12*24', 2.70, 1.89, 46, 5),
(135, 'BOLSAS CELOFAN 12*25 ', 2.81, 1.97, 46, 5),
(136, 'BOLSAS CELOFAN 15*23', 3.27, 2.29, 46, 5),
(137, 'BOLSAS CELOFAN 8*18', 1.34, 0.94, 46, 5),
(138, 'BOLSAS CELOFAN 1/4 Kg', 3.54, 2.48, 46, 5),
(139, 'BOLSAS CELOFAN 1/2Kg', 4.17, 2.92, 46, 5),
(140, 'BOLSAS CELOFAN 1 Kg', 5.53, 3.87, 46, 5),
(141, 'CIERRE MAGICO 5*7 ', 1.56, 1.09, 46, 5),
(142, 'BOLSAS CHILLONAS 1./4 Kg', 0.51, 0.36, 26, 5),
(143, 'BOLSAS CHILLONAS 1/2 Kg', 0.54, 0.38, 26, 5),
(144, 'BOLSAS CHILLONAS 1Kg', 0.69, 0.48, 26, 5),
(145, 'DOMO TORTA 17CM*10CM ', 1.07, 0.75, 46, 5),
(146, 'DOMO TORTA 25CM*12CM', 2.80, 1.96, 46, 5),
(147, 'DOMO TORTA 28CM*12CM', 3.47, 2.43, 46, 5),
(148, 'VASO DOMO 8  1.26$', 2.50, 1.75, 46, 5),
(149, 'VASO DOMO 12OZ', 2.69, 1.88, 46, 5),
(150, 'VASO CHIQUITOS CON TAPA ', 0.03, 0.02, 16, 5),
(151, 'VASO CHIQUITOS CON TAPA ', 0.01, 0.01, 16, 5),
(152, 'TINA 16', 0.20, 0.14, 46, 5),
(153, 'VASO #37', 1.06, 0.74, 37, 5),
(154, 'ENVASE ALUMINIO #9000', 6.00, 4.20, 46, 5),
(155, 'ENVASE ALUMINIO #5500', 4.61, 3.23, 46, 5),
(156, 'ENVASE ALUMINIO 3578', 2.09, 1.46, 46, 5),
(157, 'ENVASE ALUMINIO REDONDA 1050', 0.90, 0.45, 46, 7),
(158, 'ENVASE ALUMINIO REDONDA 1050', 0.64, 0.45, 46, 5),
(159, 'CIERRE MAGICO 6*8', 1.86, 1.30, 46, 5),
(160, 'CIERRE MAGICO 4*6', 1.00, 0.70, 46, 5),
(161, 'CAVAS 7 LITROS', 5.57, 3.90, 4, 5),
(162, 'CAVA 12 LITROS', 7.43, 5.20, 4, 5),
(163, 'CAVA 14 LITROS', 11.86, 8.30, 4, 5),
(164, 'SERVILLETAS 160HOJAS', 1.36, 0.95, 46, 5),
(165, 'TOSTON', 0.34, 0.24, 58, 5),
(166, 'PAPITAS', 0.47, 0.33, 58, 5),
(167, 'PORTA PERROS CALIENTES', 0.04, 0.03, 46, 5),
(168, 'BANDEJA K1', 0.14, 0.10, 46, 5),
(169, 'BOCADILLOS Y GALLETAS DE PLATANO ', 0.41, 0.29, 32, 6),
(170, 'CONSERVAS DE COCO PQÑA', 0.57, 0.40, 59, 6),
(171, 'CONSERVA DE LECHE PEQUEÑAS', 0.00, 0.00, 59, 6),
(172, 'CONSERVAS DE COCO BLANCAS', 0.47, 0.33, 59, 6),
(173, 'CONERVAS DE LECHE GRANDE', 0.57, 0.40, 59, 6),
(174, 'GALLETAS MARIA UNIDAD', 0.14, 0.10, 28, 6),
(175, 'GALLETAS MARIA PQTE', 0.70, 0.49, 28, 6),
(176, 'CARAMELOS DE GENGIBRE Y COCO', 0.06, 0.04, 50, 6),
(177, 'CERA DE ABEJA', 2.03, 1.42, 45, 6),
(178, 'CHUPETAS DE COCO', 0.19, 0.13, 50, 6),
(179, 'CATALINAS', 2.14, 1.50, 60, 6),
(180, 'LIGA TORNIQUETE GRUESA ', 1.21, 0.85, 4, 9),
(181, 'LIGA TORNIQUETE FINA 0.30$', 1.04, 0.73, 4, 9),
(182, 'PERRARINA SUPER CAN CACHORRO', 3.49, 2.44, 38, 1),
(183, 'CHIMO TIGRITO', 0.36, 0.25, 5, 9),
(184, 'METABISULFITO', 13.66, 9.56, 19, 9),
(185, 'ACEITE OREGANO COMESTIBLE', 13.57, 9.50, 36, 9),
(186, 'ACEITE OREGANO DOSMETICO', 7.14, 5.00, 36, 9),
(187, 'ACEITE LINAZA', 8.57, 6.00, 36, 9),
(188, 'GOTAS VALERIANA', 4.29, 3.00, 36, 9),
(189, 'JABON SANA PIEL AZUFRE', 7.14, 5.00, 36, 9),
(190, 'SHAMPOO', 0.36, 0.25, 4, 9),
(191, 'NEFTALINA BOLSA 100MG', 1.09, 0.76, 4, 9),
(192, 'AREQUIPE DECORATIVO 1Kg', 7.86, 5.50, 35, 7),
(193, 'AREQUIPE DECORATIVO 250g', 0.00, 0.00, 36, 7),
(194, 'AREQUIPE DECORATIVO 500g', 0.00, 0.00, 36, 7),
(195, 'AREQUIPE DECORATIVO 800g', 0.00, 0.00, 36, 7),
(196, 'AREQUIPE DECORATIVO TOBO 5kg', 34.29, 24.00, 35, 7),
(197, 'AVELLANAS', 25.71, 18.00, 42, 7),
(198, 'MEREY', 22.57, 15.80, 51, 7),
(199, 'BASE PARA FLAN', 7.64, 5.35, 51, 7),
(200, 'BASE PARA GELATINA', 9.29, 6.50, 35, 7),
(201, 'BASE PARA HELADO FLAVOR', 7.14, 5.00, 35, 7),
(202, 'BASE PARA HELADO Y PUDIN CHOCOLATE', 8.57, 6.00, 35, 7),
(203, 'BASE PARA PUDIN', 7.14, 5.00, 35, 7),
(204, 'BENZOATO', 5.71, 4.00, 37, 7),
(205, 'CAPACILLO #05 45 UND', 0.21, 0.15, 36, 7),
(206, 'CACAO', 13.57, 9.50, 51, 7),
(207, 'CAPACILLO #7 45 UND', 0.26, 0.18, 36, 7),
(208, 'CAPACILLO #8 45 UND', 0.29, 0.20, 36, 7),
(209, 'CAPACILLO #09 45 UND', 0.34, 0.24, 42, 7),
(210, 'CAPACILLO #10 Y 12 45 UND', 0.64, 0.45, 36, 7),
(211, 'CAPACILLO #11  45UND', 0.44, 0.31, 36, 7),
(212, 'CEREZAS EN ALMIBAR MARACHINO 1kg', 24.29, 17.00, 35, 7),
(213, 'CHIA 8$', 17.14, 12.00, 42, 7),
(214, 'CHOCOLATE BITTER 1Kg MALAVEIRO', 15.43, 10.80, 38, 7),
(215, 'CHOCOLATE BLANCO 1Kg', 15.43, 10.80, 38, 7),
(216, 'CHOCOLATE CON LEHCE 1Kg', 15.43, 10.80, 38, 7),
(217, 'CHOCOLATE GOTAS 1Kg', 14.29, 10.00, 35, 7),
(218, 'CHOCOTINA BLANCA', 12.70, 8.89, 51, 7),
(219, 'CHOCOLATE DE TAZA CARBONARO', 1.49, 1.04, 35, 7),
(220, 'CMC', 22.14, 15.50, 45, 7),
(221, 'COCO CONFITADO', 10.43, 7.30, 51, 7),
(222, 'COLORANTE GEL CHEFMASTER', 4.03, 2.82, 39, 7),
(223, 'COLORANTE P. FLAVORS ROSADO 1kg', 20.71, 14.50, 36, 7),
(224, 'COLORANTE P. FLAVORS AMARILO 1Kg', 28.57, 20.00, 36, 7),
(225, 'COLORANTE P. FLAVORS AZUL 1Kg', 21.43, 15.00, 36, 7),
(226, 'COLORANTE P. TERO MORADO 1Kg', 16.50, 11.55, 36, 7),
(227, 'COLORANTE P. FLAVORS NARANJA 1Kg', 24.49, 17.14, 35, 7),
(228, 'COLORANTE P. FLAVORS NEGRO 1Kg', 19.84, 13.89, 35, 7),
(229, 'COLORANTE P. TERO ROJO 1Kg', 28.57, 20.00, 36, 7),
(230, 'COLORANTE P. FLAVORS VERDE 1Kg', 24.49, 17.14, 36, 7),
(231, 'COLORANTE POLVO  20g', 0.46, 0.32, 51, 7),
(232, 'CREMA CHANTILLY', 25.71, 18.00, 35, 7),
(233, 'COLORANTE  LIQUIDO PAYASITO', 2.00, 1.40, 35, 7),
(234, 'CREMOR DE TARTARO', 25.71, 18.00, 35, 7),
(235, 'BRILLANTINA', 114.29, 80.00, 53, 7),
(236, 'MINI DANDY CHOCOGIROS', 19.86, 13.90, 36, 7),
(237, 'DANDY M&M 1Kg', 18.70, 13.09, 51, 7),
(238, 'ENDULZANTE MONTALBAN', 5.71, 4.00, 48, 7),
(239, 'ESENCIA ALMENDRA GALON TB', 23.53, 16.47, 36, 7),
(240, 'ESENCIA ANIS GALON TB', 70.37, 49.26, 36, 7),
(241, 'ESENCIA AREQUIPE', 26.01, 18.21, 36, 7),
(242, 'ESENCIA BANANA GALON TB', 45.14, 31.60, 36, 7),
(243, 'ESENCIA CHICLE GALON TA', 46.84, 32.79, 36, 7),
(244, 'ESENCIA CHOCOLATE GALON TB', 101.60, 71.12, 36, 7),
(245, 'ESENCIA COCO GALON  TB', 40.69, 28.48, 36, 7),
(246, 'ESENCIA COLITA GALON TB', 48.64, 34.05, 36, 7),
(247, 'ESENCIA DULCE DE LECHE GALON TB', 24.99, 17.49, 36, 7),
(248, 'ESENCIA FRESA GALON', 30.00, 21.00, 36, 7),
(249, 'ESENCIA LIMON GALON TB', 37.67, 26.37, 36, 7),
(250, 'ESENCIA MANTECADO GALON TB', 34.29, 24.00, 36, 7),
(251, 'ESENCIA MANTEQUILLA GALON TB.', 25.26, 17.68, 36, 7),
(252, 'ESENCIA NARANJA GALON TB', 74.19, 51.93, 36, 7),
(253, 'ESENCIA NATA GALON  TB', 29.37, 20.56, 36, 7),
(254, 'ESENCIA PANETTONE LITRO', 31.23, 21.86, 36, 7),
(255, 'ESENCIA PARCHITA', 58.09, 40.66, 36, 7),
(256, 'ESENCIA PIÑA GALON TB', 55.71, 39.00, 36, 7),
(257, 'ESENCIA QUESO GALON TB', 39.03, 27.32, 36, 7),
(258, 'ESENCIA RON PASA GALON TB', 26.07, 18.25, 36, 7),
(259, 'ESENCIA TUTTI FRUTTI GALON TB', 30.83, 21.58, 36, 7),
(260, 'ESENCIA UVA GALON', 37.44, 26.21, 36, 7),
(261, 'ESENCIA VAINILLA B. G.', 24.29, 17.00, 36, 7),
(262, 'ESENCIA VAINILLA N. G.', 28.57, 20.00, 36, 7),
(263, 'FRUTA CONFITADA 1kg', 7.14, 5.00, 45, 7),
(264, 'GLUCOSA', 7.14, 5.00, 35, 7),
(265, 'GELATINA SIN SABOR', 32.16, 22.51, 45, 7),
(266, 'GLICERINA 100cc', 1.89, 1.32, 54, 7),
(267, 'GLICERINA 1L', 15.71, 11.00, 54, 7),
(268, 'GOMA SANTA (ESPESANTE)', 25.71, 18.00, 45, 7),
(269, 'GRANOLA YIRET', 11.43, 8.00, 35, 7),
(270, 'GRANOLA NATURAL', 12.86, 9.00, 51, 7),
(271, 'GRANOLA INTEGRAL', 12.14, 8.50, 51, 7),
(272, 'GRANOLA CEREAL', 10.71, 7.50, 51, 7),
(273, 'HARINA DE ALMENDRAS', 0.00, 0.00, 51, 7),
(274, 'LECHE EVAPORADA', 0.00, 0.00, 51, 7),
(275, 'LECHE CONDESADA  1Kg', 0.00, 0.00, 36, 7),
(276, 'LECHE CONDENSADA LATA 397G', 3.00, 2.10, 51, 7),
(277, 'LECHE CONDENSADA CARTON 340G', 1.86, 1.30, 52, 7),
(278, 'LEVADURA GLORIPAN ', 5.71, 4.00, 35, 7),
(279, 'LLUVIA NEON, ARROZ, TIK TOK, NAVIDEÑA', 11.43, 8.00, 64, 7),
(280, 'LLUVIA PERLAS ESCARCHADAS', 14.29, 10.00, 64, 7),
(281, 'LLUVIA DE COLORES (UNICOLOR)', 9.29, 6.50, 51, 7),
(282, 'LLUVIA PERLAS', 11.43, 8.00, 64, 7),
(283, 'LLUVIA CHOCOLATE', 12.86, 9.00, 51, 7),
(284, 'LLUVIA DE COLORES', 4.29, 3.00, 64, 7),
(285, 'LLUVIA DE MANI', 8.23, 5.76, 51, 7),
(286, 'MANI PIMIENTA Y LIMON', 8.57, 6.00, 51, 7),
(287, 'MAIZ INFLADO', 13.71, 9.60, 51, 7),
(288, 'CARAMELO M&M', 25.00, 17.50, 53, 7),
(289, 'MANI CON CONCHA', 7.86, 5.50, 51, 7),
(290, 'MANI DULCE (ROJO)', 8.57, 6.00, 51, 7),
(291, 'MANI M&M', 18.70, 13.09, 51, 7),
(292, 'MANI CON AJONJOLI', 8.57, 6.00, 51, 7),
(293, 'MANI SALADO', 8.57, 6.00, 51, 7),
(294, 'MANI SIN SAL', 8.57, 6.00, 51, 7),
(295, 'MANI MIXTO / PICANTE', 7.14, 5.00, 51, 7),
(296, 'MANTECA VEGETAL 1kg', 6.86, 4.80, 51, 7),
(297, 'OBLEAS 100u', 4.29, 3.00, 51, 7),
(298, 'OBLEAS 50u MINI', 2.00, 1.40, 51, 7),
(299, 'OBLEAS 50U GRDE', 2.29, 1.60, 51, 7),
(300, 'COLORANTE NEON ', 100.00, 70.00, 36, 7),
(301, 'MATIZADOR PLATEADO', 114.29, 80.00, 51, 7),
(302, 'CONFETIS  150GR', 5.00, 3.50, 51, 7),
(303, 'FLACOS CROCANTES 800GR', 11.43, 8.00, 38, 7),
(304, 'FLACOS BLANDOS CROCANTES 1KG', 11.43, 8.00, 38, 7),
(305, 'CEREAL  BLANCO CROCANTES 1KG', 11.43, 8.00, 38, 7),
(306, 'CEREAL POWER BALL 1KG', 20.00, 14.00, 38, 7),
(307, 'LLUVIA MIXTA 1KG', 10.00, 7.00, 38, 7),
(308, 'CEREAL COLORIDO 600GR', 11.43, 8.00, 38, 7),
(309, 'SPRINKLES NAVIDEÑOS 1KG', 42.86, 30.00, 38, 7),
(310, 'MICOBAN P. DE CALCIO', 12.86, 9.00, 35, 7),
(311, 'NEVAZUCAR 2.50KG', 11.04, 7.73, 36, 7),
(312, 'NEVAZUCAR', 6.04, 4.23, 36, 7),
(313, 'NUEZ  CASCARA', 0.00, 0.00, 51, 7),
(314, 'NUEZ DE MACADAMIA', 0.00, 0.00, 55, 7),
(315, 'NUEZ PELADA', 25.71, 18.00, 51, 7),
(316, 'PASAS (CIRUELAS)', 17.14, 12.00, 51, 7),
(317, 'PASAS (UVAS)', 4.71, 3.30, 35, 7),
(318, 'PISTACHOS ENTEROS', 35.71, 25.00, 35, 7),
(319, 'PISTACHOS SIN CASCARA', 40.34, 28.24, 51, 7),
(320, 'POLVO DE HORNEAR', 6.57, 4.60, 35, 7),
(321, 'QUINOA', 14.29, 10.00, 42, 7),
(322, 'RELAX ', 14.21, 9.95, 36, 7),
(323, 'SIROPE DE FRESA Y CHICLE  320g', 2.90, 2.03, 36, 7),
(324, 'COLORANTE REPO-ART 15ML', 2.86, 2.00, 38, 7),
(325, 'SPRINKLES GOLD MIX SET DORADO PARA DECORAR', 0.00, 0.00, 51, 7),
(326, 'SPRINKLES AZUCAR GRUESA DE COLORES 70g', 5.71, 4.00, 51, 7),
(327, 'VAINILLIN', 52.43, 36.70, 51, 7),
(328, 'MANTECA DE CACAO', 10.00, 7.00, 56, 7),
(329, 'AFRECHO ', 2.60, 1.82, 13, 8),
(330, 'SOPA MAGGY', 1.20, 0.84, 48, 8),
(331, 'CARNE DE SOYA', 7.14, 5.00, 51, 8),
(332, 'CUBITOS ', 0.21, 0.15, 22, 8),
(333, 'FORORO', 0.66, 0.46, 29, 8),
(334, 'GOFIO', 2.16, 1.51, 29, 8),
(335, 'HARINA DE TRIGO TODO USO SACO', 1.64, 1.15, 51, 8),
(336, 'HARINA DE TRIGO MARY ', 1.69, 1.18, 65, 8),
(337, 'MAICENA ', 2.86, 2.00, 26, 8),
(338, 'PANELA DE PAPELON PEQUEÑA ', 0.54, 0.38, 13, 8),
(339, 'PANELA PAPELON GDE 0.42$', 0.63, 0.44, 66, 8),
(340, 'SAL BLANCA EN GRANO', 0.34, 0.24, 17, 8),
(341, 'SAL BLANCA MOLIDA ', 0.23, 0.16, 17, 8),
(342, 'PAPELON CONO 2Kg', 3.21, 2.25, 42, 8),
(343, 'AZUCAR MORENA 1Kg', 3.86, 2.70, 51, 8),
(344, 'AZUCAR 1 Kg ', 1.71, 1.20, 67, 8),
(345, 'MARGARINA CHEF S/S y C/S 1Kg', 5.71, 4.00, 38, 8),
(346, 'MENTOL VAPORUB LATA', 0.31, 0.22, 4, 8),
(347, 'DESODORANTE SOBRE', 0.24, 0.17, 48, 8),
(348, 'INYECTADORA DE 3CC', 0.19, 0.13, 44, 9),
(349, 'TAPA BOCA ADULTO Y NIÑO ', 0.16, 0.11, 4, 9),
(350, 'MENTOL CHINO', 0.19, 0.13, 4, 9),
(351, 'NUTRIBELLA', 0.50, 0.35, 48, 8),
(352, 'VELONES #4 ', 2.29, 1.60, 69, 9),
(353, 'HILO PABILO DE COLORES ', 0.46, 0.32, 53, 9),
(354, 'BANCOS PLASTICOS', 4.29, 3.00, 37, 9),
(355, 'ARCILLA MEDICINAL', 5.71, 4.00, 36, 9),
(356, 'ACEITE DE RECINO', 28.57, 20.00, 20, 9),
(357, 'ACEITE DE AJONJOLI ', 21.43, 15.00, 20, 9),
(358, 'ACEITE RECINO 120CC', 4.29, 3.00, 20, 9),
(359, 'ACEITE OLIVA ', 10.43, 7.30, 7, 8),
(360, 'ACEITE GIRASOL', 10.43, 7.30, 7, 8),
(361, 'VELAS GDE', 0.27, 0.19, 69, 9),
(362, 'ACEITE DE OLIVA 1.50 LITROS ', 14.00, 9.80, 7, 8),
(363, 'ACEITE OLIVA EXTRA VIRGEN 500ML', 12.14, 8.50, 6, 8),
(364, 'ACEITE DE GIRASOL 900ML', 3.56, 2.49, 14, 8),
(365, 'ACEITE DE ALMENDRAS', 28.57, 20.00, 10, 9),
(366, 'ACEITE DE COCO', 28.57, 20.00, 10, 9),
(367, 'ACEITE DE ROMERO ', 21.43, 15.00, 10, 9),
(368, 'ACEITES  120CC', 5.00, 3.50, 10, 9),
(369, 'YESQUEROS', 0.14, 0.10, 48, 9),
(370, 'CHIMO APUREÑO', 0.33, 0.23, 6, 9),
(371, 'ACEITE EUCALIPTO ', 3.57, 2.50, 10, 9),
(373, 'IVERMECTINA Y INYECTADORA', 2.14, 1.50, 2, 9),
(374, 'FOSFOROS   ', 0.10, 0.07, 22, 9),
(375, 'HILO PABILO', 0.33, 0.23, 41, 9),
(376, 'MIEL 0,70 L', 12.86, 9.00, 1, 9),
(377, 'MIEL 1 L', 15.71, 11.00, 1, 9),
(378, 'MIEL 120 cc (170 g)', 1.89, 1.32, 1, 9),
(379, 'RESMA PAPEL ENVOLVER  1/4 Kg ', 0.87, 0.61, 46, 9),
(380, 'CLORURO DE MAGNESIO', 5.36, 3.75, 40, 9),
(381, 'VELAS BLANCAS ', 0.14, 0.10, 48, 9),
(382, 'ALCANFOR UNIDAD', 0.30, 0.21, 69, 9),
(383, 'ALCANFOR  PQTE 4 ', 1.19, 0.83, 69, 9),
(384, 'PERUANO', 3.40, 2.38, 3, 9),
(385, 'RESMA PAPEL ANTIGRASO 1/4 Kg', 1.46, 1.02, 46, 9),
(386, 'ACEITE PALO 15ML', 2.86, 2.00, 10, 9),
(387, 'ACIDO BORICO ', 14.00, 7.00, 22, 9),
(388, 'ADOBO ', 5.71, 4.00, 22, 10),
(389, 'AJI, CEBOLLA,PEREJIL', 14.00, 7.00, 51, 10),
(390, 'AJINOMOTO', 13.00, 6.50, 22, 10),
(391, 'TRIFOGON', 0.06, 0.03, 10, 10),
(392, 'AJO MOLIDO', 20.00, 10.00, 22, 10),
(393, 'CEBOLLA', 34.00, 17.00, 42, 10),
(394, 'ALIÑO PREPARADO', 10.00, 5.00, 42, 10),
(395, 'ALUCEMA', 18.00, 9.00, 51, 10),
(396, 'ALUMBRE EN GRANO', 14.00, 7.00, 22, 10),
(398, 'ALUBRE MOLIDO', 0.00, 0.00, 51, 10),
(399, 'ANIS DULCE', 20.00, 10.00, 22, 10),
(400, 'ANIS ESTRELLADO', 44.00, 22.00, 22, 10),
(401, 'AZUFRE', 10.00, 5.00, 22, 10),
(402, 'BOMBA ', 13.64, 6.82, 29, 10),
(403, 'CALDO DE POLLO', 8.00, 4.00, 22, 10),
(404, 'CANELA MOLIDA', 39.44, 19.72, 1, 10),
(405, 'CANELA RAMA', 34.00, 17.00, 22, 10),
(406, 'CARMENCITA', 10.00, 5.00, 22, 10),
(407, 'LAILA SOBRES', 0.20, 0.10, 48, 10),
(408, 'CILANTRO EN GRANO', 18.00, 9.00, 22, 10),
(409, 'CLAVO DE OLOR E.', 48.00, 24.00, 22, 10),
(410, 'CLAVO DE OLOR M.', 55.68, 27.84, 22, 10),
(411, 'COMINO EN GRANO', 34.00, 17.00, 22, 10),
(412, 'COMINO MOLIDO', 39.44, 19.72, 22, 10),
(413, 'CURCUMA MOLIDA', 16.00, 8.00, 22, 10),
(414, 'CURCUMA EN RAIZ', 3.00, 1.50, 22, 10),
(415, 'CURRY', 16.00, 8.00, 51, 10),
(416, 'ENELDO', 18.00, 9.00, 53, 10),
(417, 'SPLENDA', 0.18, 0.09, 51, 10),
(418, 'FLOR DE JAMAICA', 22.00, 11.00, 22, 10),
(419, 'JENGIBRE EN RAIZ', 6.00, 3.00, 42, 10),
(420, 'JENGIBRE MOLIDO', 36.00, 18.00, 22, 10),
(421, 'GUAYABITA', 30.00, 15.00, 22, 10),
(422, 'INCIENSO ', 40.00, 20.00, 69, 10),
(423, 'LAUREL', 20.00, 10.00, 42, 10),
(424, 'MANZANILLA', 32.00, 16.00, 42, 10),
(425, 'NUEZ MOZCADA U.', 3.36, 1.68, 51, 10),
(426, 'NUEZ MOZCADA M.', 97.44, 48.72, 51, 10),
(427, 'NUEZ MOZCADA E.', 84.00, 42.00, 51, 10),
(428, 'ONOTO EN GRANO', 16.00, 8.00, 22, 10),
(429, 'ONOTO MOLIDO', 14.00, 7.00, 22, 1),
(430, 'OREGANO EN HOJA', 6.00, 3.00, 8, 10),
(431, 'OREGANO MOLIDO', 14.00, 7.00, 8, 10),
(432, 'PAPRICA', 20.00, 10.00, 22, 10),
(433, 'PIMIENTA ROJA ENTERA', 58.00, 29.00, 51, 10),
(434, 'PIMIENTA BLANCA ENTERA', 47.00, 23.50, 51, 10),
(435, 'PIMIENTA N. G.', 26.64, 13.32, 22, 10),
(436, 'PIMIENTA N. M.', 41.76, 20.88, 22, 10),
(437, 'ROMERO', 29.00, 14.50, 51, 10),
(438, 'SABROCEADROR', 8.00, 4.00, 22, 10),
(439, 'SAL DE HIGUERA ', 13.00, 6.50, 22, 10),
(440, 'TILO EN HOJA', 50.00, 25.00, 42, 10),
(441, 'TE VERDE', 40.00, 20.00, 42, 10),
(442, 'SODA', 8.00, 4.00, 22, 10),
(443, 'SULFATO', 16.00, 8.00, 21, 10),
(444, 'TE 7 FLORES', 22.86, 11.43, 51, 10),
(445, 'TE NEGRO EN HOJA', 50.00, 25.00, 42, 10),
(447, 'TOMILLO', 24.00, 12.00, 22, 10),
(448, 'ZEN', 14.00, 7.00, 22, 10),
(449, 'HINOJO', 40.00, 20.00, 51, 10),
(450, 'MEJORANA', 15.86, 7.93, 21, 10),
(451, 'TORONJIL', 3.84, 1.92, 21, 10),
(452, 'STEVEA', 60.00, 30.00, 21, 10),
(453, 'AJO CABEZA GRANDE', 9.50, 4.75, 22, 10),
(454, 'SAL DE CURA', 8.00, 4.00, 42, 10),
(455, 'SIETE ESPECIAS ', 45.60, 22.80, 51, 10),
(456, 'AJO CRIOLLO', 10.00, 5.00, 58, 10);

-- --------------------------------------------------------

--
-- Estructura de tabla para la tabla `proveedor`
--

CREATE TABLE `proveedor` (
  `idProveedor` int(11) NOT NULL,
  `nombreP` varchar(100) NOT NULL
) ENGINE=InnoDB DEFAULT CHARSET=utf8mb4 COLLATE=utf8mb4_general_ci;

--
-- Volcado de datos para la tabla `proveedor`
--

INSERT INTO `proveedor` (`idProveedor`, `nombreP`) VALUES
(1, 'ABEJITA'),
(2, 'AGRO LARENSE'),
(3, 'AGROBAY'),
(4, 'CALIFORNIA'),
(5, 'CARLOS CHINO'),
(6, 'CARLOS ZHENG'),
(7, 'CASTILLO'),
(8, 'CDLG'),
(9, 'CENTRO SANTA BARBARA'),
(10, 'CHINO CENTRO'),
(11, 'COMERCIAL NIETO'),
(12, 'DISGRAFY'),
(13, 'DIST LA PASTORA'),
(14, 'DIST MUNDO MAGICO BQTO'),
(15, 'DIST MALAVEIRO'),
(16, 'DIST SAN MIGUEL'),
(17, 'EL EMPERADOR'),
(18, 'ELIAS BENITES'),
(19, 'ENQUIBAR'),
(20, 'ENVAFRAGANCIAS'),
(21, 'FLOR DE LARA'),
(22, 'GILGAL'),
(23, 'GOLOSINA, C.A.'),
(24, 'GUAIDO LEON'),
(25, 'JD ANGULO'),
(26, 'JIMMY VIVAS'),
(27, 'LA CHINITA MERCADO'),
(28, 'LA GUADALUPANA'),
(29, 'LCDLG'),
(30, 'LEON 2010'),
(31, 'MACEDONIA BQTO'),
(32, 'MARACUCHO'),
(33, 'MARIA JOSE DIAZ'),
(34, 'MAVALEIRO'),
(35, 'MORENO T.'),
(36, 'NATURALS PHARMA'),
(37, 'PLASTICO OBELISCO'),
(38, 'POLAR'),
(39, 'PROVEEDEDOR'),
(40, 'QUIMAX'),
(41, 'RICARDO'),
(42, 'RODPER'),
(43, 'ROGELIO'),
(44, 'SR EDGAR'),
(45, 'STHEPANIE OSCHER'),
(46, 'SUPER PLASTICO  23'),
(47, 'SUPER PLASTICO  24'),
(48, 'SUPER UNICA'),
(49, 'SUSANA  M.'),
(50, 'TINTORERO'),
(51, 'VALDY'),
(52, 'VARIOS'),
(53, 'VITPER'),
(54, 'CARLISS'),
(56, 'BULLS'),
(57, 'INVER POKIMICA'),
(58, 'CENTRO'),
(59, 'MILVIDA'),
(60, 'LEONARDO'),
(63, 'MORANYELIS C '),
(64, 'COLOMBIANOS'),
(65, 'LA CHINITA MERCADO'),
(66, 'CARACHE'),
(67, 'SANTA BARBARA DE LARA MERCADO'),
(68, 'SOLDISALUD'),
(69, 'SANTA BARBARA DE LARA CENTRO');

-- --------------------------------------------------------

--
-- Estructura de tabla para la tabla `usuario`
--

CREATE TABLE `usuario` (
  `idUsuario` int(11) NOT NULL,
  `nombreU` varchar(100) NOT NULL,
  `contrasena` varchar(100) NOT NULL
) ENGINE=InnoDB DEFAULT CHARSET=utf8mb4 COLLATE=utf8mb4_general_ci;

--
-- Volcado de datos para la tabla `usuario`
--

INSERT INTO `usuario` (`idUsuario`, `nombreU`, `contrasena`) VALUES
(1, 'Admin', 'Admin');

--
-- Índices para tablas volcadas
--

--
-- Indices de la tabla `categoria`
--
ALTER TABLE `categoria`
  ADD PRIMARY KEY (`idCategoria`);

--
-- Indices de la tabla `dolar`
--
ALTER TABLE `dolar`
  ADD PRIMARY KEY (`id`);

--
-- Indices de la tabla `producto`
--
ALTER TABLE `producto`
  ADD PRIMARY KEY (`idProducto`),
  ADD KEY `idProveedor` (`idProveedor`),
  ADD KEY `idCategoria` (`idCategoria`);

--
-- Indices de la tabla `proveedor`
--
ALTER TABLE `proveedor`
  ADD PRIMARY KEY (`idProveedor`);

--
-- Indices de la tabla `usuario`
--
ALTER TABLE `usuario`
  ADD PRIMARY KEY (`idUsuario`);

--
-- AUTO_INCREMENT de las tablas volcadas
--

--
-- AUTO_INCREMENT de la tabla `categoria`
--
ALTER TABLE `categoria`
  MODIFY `idCategoria` int(11) NOT NULL AUTO_INCREMENT, AUTO_INCREMENT=20;

--
-- AUTO_INCREMENT de la tabla `dolar`
--
ALTER TABLE `dolar`
  MODIFY `id` int(11) NOT NULL AUTO_INCREMENT, AUTO_INCREMENT=18;

--
-- AUTO_INCREMENT de la tabla `producto`
--
ALTER TABLE `producto`
  MODIFY `idProducto` int(50) NOT NULL AUTO_INCREMENT, AUTO_INCREMENT=457;

--
-- AUTO_INCREMENT de la tabla `proveedor`
--
ALTER TABLE `proveedor`
  MODIFY `idProveedor` int(11) NOT NULL AUTO_INCREMENT, AUTO_INCREMENT=70;

--
-- AUTO_INCREMENT de la tabla `usuario`
--
ALTER TABLE `usuario`
  MODIFY `idUsuario` int(11) NOT NULL AUTO_INCREMENT, AUTO_INCREMENT=3;
COMMIT;

/*!40101 SET CHARACTER_SET_CLIENT=@OLD_CHARACTER_SET_CLIENT */;
/*!40101 SET CHARACTER_SET_RESULTS=@OLD_CHARACTER_SET_RESULTS */;
/*!40101 SET COLLATION_CONNECTION=@OLD_COLLATION_CONNECTION */;
